<?xml version="1.0" encoding="UTF-8"?> 
<java version="1.6.0_26" class="java.beans.XMLDecoder"> 
 <object class="java.util.HashMap"> 
  <void method="put"> 
   <string>docCreateTime</string> 
   <object class="java.util.Date"> 
    <long>1488189120000</long> 
   </object> 
  </void> 
  <void method="put"> 
   <string>sysAttFile_extension</string> 
   <object class="java.util.ArrayList"/> 
  </void> 
  <void method="put"> 
   <string>docCreator</string> 
   <object class="java.util.HashMap"> 
    <void method="put"> 
     <string>fdOrgType</string> 
     <int>8</int> 
    </void> 
    <void method="put"> 
     <string>fdLoginName</string> 
     <string>adm</string> 
    </void> 
    <void method="put"> 
     <string>fdId</string> 
     <string>1183b0b84ee4f581bba001c47a78b2d9</string> 
    </void> 
    <void method="put"> 
     <string>class</string> 
     <string>com.landray.kmss.sys.organization.model.SysOrgPerson</string> 
    </void> 
    <void method="put"> 
     <string>hbmParent.fdName</string> 
     <string></string> 
    </void> 
   </object> 
  </void> 
  <void method="put"> 
   <string>fdIsPushed</string> 
   <boolean>true</boolean> 
  </void> 
  <void method="put"> 
   <string>sysAttRtfData_extension</string> 
   <object class="java.util.ArrayList"/> 
  </void> 
  <void method="put"> 
   <string>fdId</string> 
   <string>15a7efc42b4bae07c7683ce4cb590d77</string> 
  </void> 
  <void method="put"> 
   <string>fdEnabled</string> 
   <boolean>true</boolean> 
  </void> 
  <void method="put"> 
   <string>class</string> 
   <string>com.landray.kmss.sys.mportal.model.SysMportalCard</string> 
  </void> 
  <void method="put"> 
   <string>sysAttMain_extension</string> 
   <object class="java.util.ArrayList"/> 
  </void> 
  <void method="put"> 
   <string>fdName</string> 
   <string>我的流程申请</string> 
  </void> 
  <void method="put"> 
   <string>fdPortletConfig</string> 
   <string>[{&quot;operations&quot;:{&quot;toolbar&quot;:true},&quot;vars&quot;:{&quot;rowsize&quot;:&quot;3&quot;,&quot;mydoc&quot;:&quot;all&quot;,&quot;fdTemplate&quot;:{&quot;fdTemplate&quot;:&quot;&quot;,&quot;fdTemplate_name&quot;:&quot;&quot;}},&quot;portletName&quot;:&quot;所有申请&quot;,&quot;portletId&quot;:&quot;km.review.list.mobile&quot;},{&quot;operations&quot;:{&quot;toolbar&quot;:true},&quot;vars&quot;:{&quot;rowsize&quot;:&quot;3&quot;,&quot;mydoc&quot;:&quot;create&quot;,&quot;fdTemplate&quot;:{&quot;fdTemplate&quot;:&quot;&quot;,&quot;fdTemplate_name&quot;:&quot;&quot;}},&quot;portletName&quot;:&quot;我的申请&quot;,&quot;portletId&quot;:&quot;km.review.list.mobile&quot;},{&quot;operations&quot;:{&quot;toolbar&quot;:true},&quot;vars&quot;:{&quot;rowsize&quot;:&quot;3&quot;,&quot;mydoc&quot;:&quot;approval&quot;,&quot;fdTemplate&quot;:{&quot;fdTemplate&quot;:&quot;&quot;,&quot;fdTemplate_name&quot;:&quot;&quot;}},&quot;portletName&quot;:&quot;待我审&quot;,&quot;portletId&quot;:&quot;km.review.list.mobile&quot;},{&quot;operations&quot;:{&quot;toolbar&quot;:true},&quot;vars&quot;:{&quot;rowsize&quot;:&quot;3&quot;,&quot;mydoc&quot;:&quot;approved&quot;,&quot;fdTemplate&quot;:{&quot;fdTemplate&quot;:&quot;&quot;,&quot;fdTemplate_name&quot;:&quot;&quot;}},&quot;portletName&quot;:&quot;我已审&quot;,&quot;portletId&quot;:&quot;km.review.list.mobile&quot;}]</string> 
  </void> 
 </object> 
</java> 
