<?xml version="1.0" encoding="UTF-8"?> 
<java version="1.6.0_26" class="java.beans.XMLDecoder"> 
 <object class="java.util.HashMap"> 
  <void method="put"> 
   <string>docCreateTime</string> 
   <object class="java.util.Date"> 
    <long>1488260416000</long> 
   </object> 
  </void> 
  <void method="put"> 
   <string>sysAttFile_extension</string> 
   <object class="java.util.ArrayList"> 
    <void method="add"> 
     <object class="java.util.HashMap"> 
      <void method="put"> 
       <string>docCreateTime</string> 
       <object class="java.util.Date"> 
        <long>1488260322000</long> 
       </object> 
      </void> 
      <void method="put"> 
       <string>fdFilePath</string> 
       <string>/2017/2/5/15a833a5636f2b62352ad514e0096ec4</string> 
      </void> 
      <void method="put"> 
       <string>fdFileSize</string> 
       <long>154437</long> 
      </void> 
      <void method="put"> 
       <string>fdMd5</string> 
       <string>fdcfefe0347caa6439e22c687acde450</string> 
      </void> 
      <void method="put"> 
       <string>fdStatus</string> 
       <int>2</int> 
      </void> 
      <void method="put"> 
       <string>fdId</string> 
       <string>15a833a5636f2b62352ad514e0096ec4</string> 
      </void> 
      <void method="put"> 
       <string>class</string> 
       <string>com.landray.kmss.sys.filestore.model.SysAttFile</string> 
      </void> 
     </object> 
    </void> 
   </object> 
  </void> 
  <void method="put"> 
   <string>docCreator</string> 
   <object class="java.util.HashMap"> 
    <void method="put"> 
     <string>fdOrgType</string> 
     <int>8</int> 
    </void> 
    <void method="put"> 
     <string>fdId</string> 
     <string>1183b0b84ee4f581bba001c47a78b2d9</string> 
    </void> 
    <void method="put"> 
     <string>class</string> 
     <string>com.landray.kmss.sys.organization.model.SysOrgElement</string> 
    </void> 
    <void method="put"> 
     <string>fdName</string> 
     <string>管理员</string> 
    </void> 
    <void method="put"> 
     <string>hbmParent.fdName</string> 
     <string></string> 
    </void> 
   </object> 
  </void> 
  <void method="put"> 
   <string>sysAttRtfData_extension</string> 
   <object class="java.util.ArrayList"/> 
  </void> 
  <void method="put"> 
   <string>class</string> 
   <string>com.landray.kmss.sys.mportal.model.SysMportalImgSource</string> 
  </void> 
  <void method="put"> 
   <string>fdName</string> 
   <string>蓝凌EKP大中型组织的统一工作平台</string> 
  </void> 
  <void method="put"> 
   <string>fdContent</string> 
   <string></string> 
  </void> 
  <void method="put"> 
   <string>docAlteror</string> 
   <object class="java.util.HashMap"> 
    <void method="put"> 
     <string>fdOrgType</string> 
     <int>8</int> 
    </void> 
    <void method="put"> 
     <string>fdId</string> 
     <string>1183b0b84ee4f581bba001c47a78b2d9</string> 
    </void> 
    <void method="put"> 
     <string>class</string> 
     <string>com.landray.kmss.sys.organization.model.SysOrgElement</string> 
    </void> 
    <void method="put"> 
     <string>fdName</string> 
     <string>管理员</string> 
    </void> 
    <void method="put"> 
     <string>hbmParent.fdName</string> 
     <string></string> 
    </void> 
   </object> 
  </void> 
  <void method="put"> 
   <string>fdId</string> 
   <string>15a8339d5df5bc76de794de4dac98eed</string> 
  </void> 
  <void method="put"> 
   <string>fdSubject</string> 
   <string>蓝凌EKP大中型组织的统一工作平台</string> 
  </void> 
  <void method="put"> 
   <string>sysAttMain_extension</string> 
   <object class="java.util.ArrayList"> 
    <void method="add"> 
     <object class="java.util.HashMap"> 
      <void method="put"> 
       <string>docCreateTime</string> 
       <object class="java.util.Date"> 
        <long>1488260323000</long> 
       </object> 
      </void> 
      <void method="put"> 
       <string>fdContentType</string> 
       <string>image/jpeg</string> 
      </void> 
      <void method="put"> 
       <string>fdFileId</string> 
       <string>15a833a5636f2b62352ad514e0096ec4</string> 
      </void> 
      <void method="put"> 
       <string>fdFileName</string> 
       <string>12.jpg</string> 
      </void> 
      <void method="put"> 
       <string>fdModelName</string> 
       <string>com.landray.kmss.sys.mportal.model.SysMportalImgSource</string> 
      </void> 
      <void method="put"> 
       <string>fdAttType</string> 
       <string>pic</string> 
      </void> 
      <void method="put"> 
       <string>fdKey</string> 
       <string>SysMportalImgSource_fdKey</string> 
      </void> 
      <void method="put"> 
       <string>fdAttLocation</string> 
       <string>server</string> 
      </void> 
      <void method="put"> 
       <string>fdCreatorId</string> 
       <string>1183b0b84ee4f581bba001c47a78b2d9</string> 
      </void> 
      <void method="put"> 
       <string>class</string> 
       <string>com.landray.kmss.sys.attachment.model.SysAttMain</string> 
      </void> 
      <void method="put"> 
       <string>fdOrder</string> 
       <int>0</int> 
      </void> 
      <void method="put"> 
       <string>fdSize</string> 
       <double>154437.0</double> 
      </void> 
      <void method="put"> 
       <string>fdModelId</string> 
       <string>15a8339d5df5bc76de794de4dac98eed</string> 
      </void> 
      <void method="put"> 
       <string>downloadSum</string> 
       <int>0</int> 
      </void> 
      <void method="put"> 
       <string>fdId</string> 
       <string>15a833a587e1c465c957bcd4b90bfd70</string> 
      </void> 
     </object> 
    </void> 
   </object> 
  </void> 
  <void method="put"> 
   <string>fdUrl</string> 
   <string>http://www.landray.com</string> 
  </void> 
  <void method="put"> 
   <string>docAlterTime</string> 
   <object class="java.util.Date"> 
    <long>1488261043000</long> 
   </object> 
  </void> 
 </object> 
</java> 
