<?xml version="1.0" encoding="UTF-8"?> 
<java version="1.6.0_26" class="java.beans.XMLDecoder"> 
 <object class="java.util.HashMap"> 
  <void method="put"> 
   <string>docCreateTime</string> 
   <object class="java.util.Date"> 
    <long>1488260717000</long> 
   </object> 
  </void> 
  <void method="put"> 
   <string>sysAttFile_extension</string> 
   <object class="java.util.ArrayList"> 
    <void method="add"> 
     <object class="java.util.HashMap"> 
      <void method="put"> 
       <string>docCreateTime</string> 
       <object class="java.util.Date"> 
        <long>1488260627000</long> 
       </object> 
      </void> 
      <void method="put"> 
       <string>fdFilePath</string> 
       <string>/2017/2/5/15a833efc31ac8a209bb2594534900c2</string> 
      </void> 
      <void method="put"> 
       <string>fdFileSize</string> 
       <long>503945</long> 
      </void> 
      <void method="put"> 
       <string>fdMd5</string> 
       <string>2e35873d52acd23b79195144b871f940</string> 
      </void> 
      <void method="put"> 
       <string>fdStatus</string> 
       <int>2</int> 
      </void> 
      <void method="put"> 
       <string>fdId</string> 
       <string>15a833efc31ac8a209bb2594534900c2</string> 
      </void> 
      <void method="put"> 
       <string>class</string> 
       <string>com.landray.kmss.sys.filestore.model.SysAttFile</string> 
      </void> 
     </object> 
    </void> 
   </object> 
  </void> 
  <void method="put"> 
   <string>docCreator</string> 
   <object class="java.util.HashMap"> 
    <void method="put"> 
     <string>fdOrgType</string> 
     <int>8</int> 
    </void> 
    <void method="put"> 
     <string>fdId</string> 
     <string>1183b0b84ee4f581bba001c47a78b2d9</string> 
    </void> 
    <void method="put"> 
     <string>class</string> 
     <string>com.landray.kmss.sys.organization.model.SysOrgElement</string> 
    </void> 
    <void method="put"> 
     <string>fdName</string> 
     <string>管理员</string> 
    </void> 
    <void method="put"> 
     <string>hbmParent.fdName</string> 
     <string></string> 
    </void> 
   </object> 
  </void> 
  <void method="put"> 
   <string>sysAttRtfData_extension</string> 
   <object class="java.util.ArrayList"/> 
  </void> 
  <void method="put"> 
   <string>class</string> 
   <string>com.landray.kmss.sys.mportal.model.SysMportalImgSource</string> 
  </void> 
  <void method="put"> 
   <string>fdName</string> 
   <string>蓝凌KMS大中型组织的专业知识管理平台</string> 
  </void> 
  <void method="put"> 
   <string>fdContent</string> 
   <string></string> 
  </void> 
  <void method="put"> 
   <string>docAlteror</string> 
   <object class="java.util.HashMap"> 
    <void method="put"> 
     <string>fdOrgType</string> 
     <int>8</int> 
    </void> 
    <void method="put"> 
     <string>fdId</string> 
     <string>1183b0b84ee4f581bba001c47a78b2d9</string> 
    </void> 
    <void method="put"> 
     <string>class</string> 
     <string>com.landray.kmss.sys.organization.model.SysOrgElement</string> 
    </void> 
    <void method="put"> 
     <string>fdName</string> 
     <string>管理员</string> 
    </void> 
    <void method="put"> 
     <string>hbmParent.fdName</string> 
     <string></string> 
    </void> 
   </object> 
  </void> 
  <void method="put"> 
   <string>fdId</string> 
   <string>15a833bc3e55bd373276f924ad88cc5e</string> 
  </void> 
  <void method="put"> 
   <string>fdSubject</string> 
   <string>蓝凌KMS大中型组织的专业知识管理平台</string> 
  </void> 
  <void method="put"> 
   <string>sysAttMain_extension</string> 
   <object class="java.util.ArrayList"> 
    <void method="add"> 
     <object class="java.util.HashMap"> 
      <void method="put"> 
       <string>docCreateTime</string> 
       <object class="java.util.Date"> 
        <long>1488260628000</long> 
       </object> 
      </void> 
      <void method="put"> 
       <string>fdContentType</string> 
       <string>image/png</string> 
      </void> 
      <void method="put"> 
       <string>fdFileId</string> 
       <string>15a833efc31ac8a209bb2594534900c2</string> 
      </void> 
      <void method="put"> 
       <string>fdFileName</string> 
       <string>过关斩将.png</string> 
      </void> 
      <void method="put"> 
       <string>fdModelName</string> 
       <string>com.landray.kmss.sys.mportal.model.SysMportalImgSource</string> 
      </void> 
      <void method="put"> 
       <string>fdAttType</string> 
       <string>pic</string> 
      </void> 
      <void method="put"> 
       <string>fdKey</string> 
       <string>SysMportalImgSource_fdKey</string> 
      </void> 
      <void method="put"> 
       <string>fdAttLocation</string> 
       <string>server</string> 
      </void> 
      <void method="put"> 
       <string>fdCreatorId</string> 
       <string>1183b0b84ee4f581bba001c47a78b2d9</string> 
      </void> 
      <void method="put"> 
       <string>class</string> 
       <string>com.landray.kmss.sys.attachment.model.SysAttMain</string> 
      </void> 
      <void method="put"> 
       <string>fdOrder</string> 
       <int>0</int> 
      </void> 
      <void method="put"> 
       <string>fdSize</string> 
       <double>503945.0</double> 
      </void> 
      <void method="put"> 
       <string>fdModelId</string> 
       <string>15a833bc3e55bd373276f924ad88cc5e</string> 
      </void> 
      <void method="put"> 
       <string>downloadSum</string> 
       <int>0</int> 
      </void> 
      <void method="put"> 
       <string>fdId</string> 
       <string>15a833efe6280c21d79f45a4487b11a9</string> 
      </void> 
     </object> 
    </void> 
   </object> 
  </void> 
  <void method="put"> 
   <string>fdUrl</string> 
   <string>http://www.landray.com</string> 
  </void> 
  <void method="put"> 
   <string>docAlterTime</string> 
   <object class="java.util.Date"> 
    <long>1488260938000</long> 
   </object> 
  </void> 
 </object> 
</java> 
