<?xml version="1.0" encoding="UTF-8"?> 
<java version="1.6.0_26" class="java.beans.XMLDecoder"> 
 <object class="java.util.HashMap"> 
  <void method="put"> 
   <string>docCreateTime</string> 
   <object class="java.util.Date"> 
    <long>1488270919000</long> 
   </object> 
  </void> 
  <void method="put"> 
   <string>sysAttFile_extension</string> 
   <object class="java.util.ArrayList"> 
    <void method="add"> 
     <object class="java.util.HashMap"> 
      <void method="put"> 
       <string>docCreateTime</string> 
       <object class="java.util.Date"> 
        <long>1488272103000</long> 
       </object> 
      </void> 
      <void method="put"> 
       <string>fdFilePath</string> 
       <string>/2017/2/5/15a83ee1708efc17c8a017747d8873f5</string> 
      </void> 
      <void method="put"> 
       <string>fdFileSize</string> 
       <long>114559</long> 
      </void> 
      <void method="put"> 
       <string>fdMd5</string> 
       <string>85d1e30ce1c624e499b0405afa43d9f3</string> 
      </void> 
      <void method="put"> 
       <string>fdStatus</string> 
       <int>2</int> 
      </void> 
      <void method="put"> 
       <string>fdId</string> 
       <string>15a83ee1708efc17c8a017747d8873f5</string> 
      </void> 
      <void method="put"> 
       <string>class</string> 
       <string>com.landray.kmss.sys.filestore.model.SysAttFile</string> 
      </void> 
     </object> 
    </void> 
   </object> 
  </void> 
  <void method="put"> 
   <string>docCreator</string> 
   <object class="java.util.HashMap"> 
    <void method="put"> 
     <string>fdOrgType</string> 
     <int>8</int> 
    </void> 
    <void method="put"> 
     <string>fdId</string> 
     <string>1183b0b84ee4f581bba001c47a78b2d9</string> 
    </void> 
    <void method="put"> 
     <string>class</string> 
     <string>com.landray.kmss.sys.organization.model.SysOrgElement</string> 
    </void> 
    <void method="put"> 
     <string>fdName</string> 
     <string>管理员</string> 
    </void> 
    <void method="put"> 
     <string>hbmParent.fdName</string> 
     <string></string> 
    </void> 
   </object> 
  </void> 
  <void method="put"> 
   <string>sysAttRtfData_extension</string> 
   <object class="java.util.ArrayList"/> 
  </void> 
  <void method="put"> 
   <string>class</string> 
   <string>com.landray.kmss.sys.mportal.model.SysMportalImgSource</string> 
  </void> 
  <void method="put"> 
   <string>fdName</string> 
   <string>新员工指南</string> 
  </void> 
  <void method="put"> 
   <string>fdContent</string> 
   <string></string> 
  </void> 
  <void method="put"> 
   <string>docAlteror</string> 
   <object class="java.util.HashMap"> 
    <void method="put"> 
     <string>fdOrgType</string> 
     <int>8</int> 
    </void> 
    <void method="put"> 
     <string>fdId</string> 
     <string>1183b0b84ee4f581bba001c47a78b2d9</string> 
    </void> 
    <void method="put"> 
     <string>class</string> 
     <string>com.landray.kmss.sys.organization.model.SysOrgElement</string> 
    </void> 
    <void method="put"> 
     <string>fdName</string> 
     <string>管理员</string> 
    </void> 
    <void method="put"> 
     <string>hbmParent.fdName</string> 
     <string></string> 
    </void> 
   </object> 
  </void> 
  <void method="put"> 
   <string>fdId</string> 
   <string>15a83dbcf04ac5f09d163c2453b9077d</string> 
  </void> 
  <void method="put"> 
   <string>fdSubject</string> 
   <string>新员工指南</string> 
  </void> 
  <void method="put"> 
   <string>sysAttMain_extension</string> 
   <object class="java.util.ArrayList"> 
    <void method="add"> 
     <object class="java.util.HashMap"> 
      <void method="put"> 
       <string>docCreateTime</string> 
       <object class="java.util.Date"> 
        <long>1488272103000</long> 
       </object> 
      </void> 
      <void method="put"> 
       <string>fdContentType</string> 
       <string>image/png</string> 
      </void> 
      <void method="put"> 
       <string>fdFileId</string> 
       <string>15a83ee1708efc17c8a017747d8873f5</string> 
      </void> 
      <void method="put"> 
       <string>fdFileName</string> 
       <string>01.png</string> 
      </void> 
      <void method="put"> 
       <string>fdModelName</string> 
       <string>com.landray.kmss.sys.mportal.model.SysMportalImgSource</string> 
      </void> 
      <void method="put"> 
       <string>fdAttType</string> 
       <string>pic</string> 
      </void> 
      <void method="put"> 
       <string>fdKey</string> 
       <string>SysMportalImgSource_fdKey</string> 
      </void> 
      <void method="put"> 
       <string>fdAttLocation</string> 
       <string>server</string> 
      </void> 
      <void method="put"> 
       <string>fdCreatorId</string> 
       <string>1183b0b84ee4f581bba001c47a78b2d9</string> 
      </void> 
      <void method="put"> 
       <string>class</string> 
       <string>com.landray.kmss.sys.attachment.model.SysAttMain</string> 
      </void> 
      <void method="put"> 
       <string>fdOrder</string> 
       <int>0</int> 
      </void> 
      <void method="put"> 
       <string>fdSize</string> 
       <double>114559.0</double> 
      </void> 
      <void method="put"> 
       <string>fdModelId</string> 
       <string>15a83dbcf04ac5f09d163c2453b9077d</string> 
      </void> 
      <void method="put"> 
       <string>downloadSum</string> 
       <int>0</int> 
      </void> 
      <void method="put"> 
       <string>fdId</string> 
       <string>15a83ee194bd1b1068c9b7a4f6e87bb3</string> 
      </void> 
     </object> 
    </void> 
   </object> 
  </void> 
  <void method="put"> 
   <string>fdUrl</string> 
   <string>http://</string> 
  </void> 
  <void method="put"> 
   <string>docAlterTime</string> 
   <object class="java.util.Date"> 
    <long>1488272104000</long> 
   </object> 
  </void> 
 </object> 
</java> 
