<?xml version="1.0" encoding="UTF-8"?> 
<java version="1.6.0_26" class="java.beans.XMLDecoder"> 
 <object class="java.util.HashMap"> 
  <void method="put"> 
   <string>docCreateTime</string> 
   <object class="java.util.Date"> 
    <long>1488252960000</long> 
   </object> 
  </void> 
  <void method="put"> 
   <string>docSubject</string> 
   <string>工作台 - 快捷发起5*2</string> 
  </void> 
  <void method="put"> 
   <string>fdSysMportalMenuItems</string> 
   <object class="java.util.ArrayList"> 
    <void method="add"> 
     <object class="java.util.HashMap"> 
      <void method="put"> 
       <string>fdIcon</string> 
       <string>mui-carUse</string> 
      </void> 
      <void method="put"> 
       <string>fdId</string> 
       <string>15a82d217bc15744232fb45439b90abc</string> 
      </void> 
      <void method="put"> 
       <string>class</string> 
       <string>com.landray.kmss.sys.mportal.model.SysMportalMenuItem</string> 
      </void> 
      <void method="put"> 
       <string>fdOrder</string> 
       <int>1</int> 
      </void> 
      <void method="put"> 
       <string>fdName</string> 
       <string>请假</string> 
      </void> 
      <void method="put"> 
       <string>fdSysMportalMenu</string> 
       <object class="java.util.HashMap"> 
        <void method="put"> 
         <string>fdId</string> 
         <string>15a82caa706effd7da35d1a45f699a07</string> 
        </void> 
        <void method="put"> 
         <string>class</string> 
         <string>com.landray.kmss.sys.mportal.model.SysMportalMenu</string> 
        </void> 
       </object> 
      </void> 
      <void method="put"> 
       <string>fdUrl</string> 
       <string>/</string> 
      </void> 
     </object> 
    </void> 
    <void method="add"> 
     <object class="java.util.HashMap"> 
      <void method="put"> 
       <string>fdIcon</string> 
       <string>mui-meeting_proxy</string> 
      </void> 
      <void method="put"> 
       <string>fdId</string> 
       <string>15a82d217c4c1ceda595c8e4e6e8265d</string> 
      </void> 
      <void method="put"> 
       <string>class</string> 
       <string>com.landray.kmss.sys.mportal.model.SysMportalMenuItem</string> 
      </void> 
      <void method="put"> 
       <string>fdOrder</string> 
       <int>2</int> 
      </void> 
      <void method="put"> 
       <string>fdName</string> 
       <string>出差</string> 
      </void> 
      <void method="put"> 
       <string>fdSysMportalMenu</string> 
       <object class="java.util.HashMap"> 
        <void method="put"> 
         <string>fdId</string> 
         <string>15a82caa706effd7da35d1a45f699a07</string> 
        </void> 
        <void method="put"> 
         <string>class</string> 
         <string>com.landray.kmss.sys.mportal.model.SysMportalMenu</string> 
        </void> 
       </object> 
      </void> 
      <void method="put"> 
       <string>fdUrl</string> 
       <string>/</string> 
      </void> 
     </object> 
    </void> 
    <void method="add"> 
     <object class="java.util.HashMap"> 
      <void method="put"> 
       <string>fdIcon</string> 
       <string>mui-shortcut-8</string> 
      </void> 
      <void method="put"> 
       <string>fdId</string> 
       <string>15a82d217c6f5d7d195f5c445de86c94</string> 
      </void> 
      <void method="put"> 
       <string>class</string> 
       <string>com.landray.kmss.sys.mportal.model.SysMportalMenuItem</string> 
      </void> 
      <void method="put"> 
       <string>fdOrder</string> 
       <int>3</int> 
      </void> 
      <void method="put"> 
       <string>fdName</string> 
       <string>会议预定</string> 
      </void> 
      <void method="put"> 
       <string>fdSysMportalMenu</string> 
       <object class="java.util.HashMap"> 
        <void method="put"> 
         <string>fdId</string> 
         <string>15a82caa706effd7da35d1a45f699a07</string> 
        </void> 
        <void method="put"> 
         <string>class</string> 
         <string>com.landray.kmss.sys.mportal.model.SysMportalMenu</string> 
        </void> 
       </object> 
      </void> 
      <void method="put"> 
       <string>fdUrl</string> 
       <string>/</string> 
      </void> 
     </object> 
    </void> 
    <void method="add"> 
     <object class="java.util.HashMap"> 
      <void method="put"> 
       <string>fdIcon</string> 
       <string>mui-write</string> 
      </void> 
      <void method="put"> 
       <string>fdId</string> 
       <string>15a82d217c749eb0904d8e64805bc33f</string> 
      </void> 
      <void method="put"> 
       <string>class</string> 
       <string>com.landray.kmss.sys.mportal.model.SysMportalMenuItem</string> 
      </void> 
      <void method="put"> 
       <string>fdOrder</string> 
       <int>4</int> 
      </void> 
      <void method="put"> 
       <string>fdName</string> 
       <string>订机票</string> 
      </void> 
      <void method="put"> 
       <string>fdSysMportalMenu</string> 
       <object class="java.util.HashMap"> 
        <void method="put"> 
         <string>fdId</string> 
         <string>15a82caa706effd7da35d1a45f699a07</string> 
        </void> 
        <void method="put"> 
         <string>class</string> 
         <string>com.landray.kmss.sys.mportal.model.SysMportalMenu</string> 
        </void> 
       </object> 
      </void> 
      <void method="put"> 
       <string>fdUrl</string> 
       <string>/</string> 
      </void> 
     </object> 
    </void> 
    <void method="add"> 
     <object class="java.util.HashMap"> 
      <void method="put"> 
       <string>fdIcon</string> 
       <string>mui-score</string> 
      </void> 
      <void method="put"> 
       <string>fdId</string> 
       <string>15a82d217c79ba52b6a2fd6493e893de</string> 
      </void> 
      <void method="put"> 
       <string>class</string> 
       <string>com.landray.kmss.sys.mportal.model.SysMportalMenuItem</string> 
      </void> 
      <void method="put"> 
       <string>fdOrder</string> 
       <int>5</int> 
      </void> 
      <void method="put"> 
       <string>fdName</string> 
       <string>费用报销</string> 
      </void> 
      <void method="put"> 
       <string>fdSysMportalMenu</string> 
       <object class="java.util.HashMap"> 
        <void method="put"> 
         <string>fdId</string> 
         <string>15a82caa706effd7da35d1a45f699a07</string> 
        </void> 
        <void method="put"> 
         <string>class</string> 
         <string>com.landray.kmss.sys.mportal.model.SysMportalMenu</string> 
        </void> 
       </object> 
      </void> 
      <void method="put"> 
       <string>fdUrl</string> 
       <string>/</string> 
      </void> 
     </object> 
    </void> 
    <void method="add"> 
     <object class="java.util.HashMap"> 
      <void method="put"> 
       <string>fdIcon</string> 
       <string>mui-carInsurance</string> 
      </void> 
      <void method="put"> 
       <string>fdId</string> 
       <string>15a82d217c8ef13858f416d42aa8c6fa</string> 
      </void> 
      <void method="put"> 
       <string>class</string> 
       <string>com.landray.kmss.sys.mportal.model.SysMportalMenuItem</string> 
      </void> 
      <void method="put"> 
       <string>fdOrder</string> 
       <int>6</int> 
      </void> 
      <void method="put"> 
       <string>fdName</string> 
       <string>查预算</string> 
      </void> 
      <void method="put"> 
       <string>fdSysMportalMenu</string> 
       <object class="java.util.HashMap"> 
        <void method="put"> 
         <string>fdId</string> 
         <string>15a82caa706effd7da35d1a45f699a07</string> 
        </void> 
        <void method="put"> 
         <string>class</string> 
         <string>com.landray.kmss.sys.mportal.model.SysMportalMenu</string> 
        </void> 
       </object> 
      </void> 
      <void method="put"> 
       <string>fdUrl</string> 
       <string>/</string> 
      </void> 
     </object> 
    </void> 
    <void method="add"> 
     <object class="java.util.HashMap"> 
      <void method="put"> 
       <string>fdIcon</string> 
       <string>mui-Bulb</string> 
      </void> 
      <void method="put"> 
       <string>fdId</string> 
       <string>15a82d217ca90cde3f6760448939fb0a</string> 
      </void> 
      <void method="put"> 
       <string>class</string> 
       <string>com.landray.kmss.sys.mportal.model.SysMportalMenuItem</string> 
      </void> 
      <void method="put"> 
       <string>fdOrder</string> 
       <int>7</int> 
      </void> 
      <void method="put"> 
       <string>fdName</string> 
       <string>发新帖</string> 
      </void> 
      <void method="put"> 
       <string>fdSysMportalMenu</string> 
       <object class="java.util.HashMap"> 
        <void method="put"> 
         <string>fdId</string> 
         <string>15a82caa706effd7da35d1a45f699a07</string> 
        </void> 
        <void method="put"> 
         <string>class</string> 
         <string>com.landray.kmss.sys.mportal.model.SysMportalMenu</string> 
        </void> 
       </object> 
      </void> 
      <void method="put"> 
       <string>fdUrl</string> 
       <string>/</string> 
      </void> 
     </object> 
    </void> 
    <void method="add"> 
     <object class="java.util.HashMap"> 
      <void method="put"> 
       <string>fdIcon</string> 
       <string>mui-unopen</string> 
      </void> 
      <void method="put"> 
       <string>fdId</string> 
       <string>15a82d217cb864bbc1cac09494b80b0c</string> 
      </void> 
      <void method="put"> 
       <string>class</string> 
       <string>com.landray.kmss.sys.mportal.model.SysMportalMenuItem</string> 
      </void> 
      <void method="put"> 
       <string>fdOrder</string> 
       <int>8</int> 
      </void> 
      <void method="put"> 
       <string>fdName</string> 
       <string>写邮件</string> 
      </void> 
      <void method="put"> 
       <string>fdSysMportalMenu</string> 
       <object class="java.util.HashMap"> 
        <void method="put"> 
         <string>fdId</string> 
         <string>15a82caa706effd7da35d1a45f699a07</string> 
        </void> 
        <void method="put"> 
         <string>class</string> 
         <string>com.landray.kmss.sys.mportal.model.SysMportalMenu</string> 
        </void> 
       </object> 
      </void> 
      <void method="put"> 
       <string>fdUrl</string> 
       <string>/</string> 
      </void> 
     </object> 
    </void> 
    <void method="add"> 
     <object class="java.util.HashMap"> 
      <void method="put"> 
       <string>fdIcon</string> 
       <string>mui-shortcut-6</string> 
      </void> 
      <void method="put"> 
       <string>fdId</string> 
       <string>15a82d44d93dd40c60460334136aef53</string> 
      </void> 
      <void method="put"> 
       <string>class</string> 
       <string>com.landray.kmss.sys.mportal.model.SysMportalMenuItem</string> 
      </void> 
      <void method="put"> 
       <string>fdOrder</string> 
       <int>9</int> 
      </void> 
      <void method="put"> 
       <string>fdName</string> 
       <string>请专家</string> 
      </void> 
      <void method="put"> 
       <string>fdSysMportalMenu</string> 
       <object class="java.util.HashMap"> 
        <void method="put"> 
         <string>fdId</string> 
         <string>15a82caa706effd7da35d1a45f699a07</string> 
        </void> 
        <void method="put"> 
         <string>class</string> 
         <string>com.landray.kmss.sys.mportal.model.SysMportalMenu</string> 
        </void> 
       </object> 
      </void> 
      <void method="put"> 
       <string>fdUrl</string> 
       <string>/</string> 
      </void> 
     </object> 
    </void> 
    <void method="add"> 
     <object class="java.util.HashMap"> 
      <void method="put"> 
       <string>fdIcon</string> 
       <string>mui-carInsurance</string> 
      </void> 
      <void method="put"> 
       <string>fdId</string> 
       <string>15a82d44d95a9a09e9389d444d881f35</string> 
      </void> 
      <void method="put"> 
       <string>class</string> 
       <string>com.landray.kmss.sys.mportal.model.SysMportalMenuItem</string> 
      </void> 
      <void method="put"> 
       <string>fdOrder</string> 
       <int>10</int> 
      </void> 
      <void method="put"> 
       <string>fdName</string> 
       <string>提固资</string> 
      </void> 
      <void method="put"> 
       <string>fdSysMportalMenu</string> 
       <object class="java.util.HashMap"> 
        <void method="put"> 
         <string>fdId</string> 
         <string>15a82caa706effd7da35d1a45f699a07</string> 
        </void> 
        <void method="put"> 
         <string>class</string> 
         <string>com.landray.kmss.sys.mportal.model.SysMportalMenu</string> 
        </void> 
       </object> 
      </void> 
      <void method="put"> 
       <string>fdUrl</string> 
       <string>/</string> 
      </void> 
     </object> 
    </void> 
   </object> 
  </void> 
  <void method="put"> 
   <string>sysAttFile_extension</string> 
   <object class="java.util.ArrayList"/> 
  </void> 
  <void method="put"> 
   <string>sysAttRtfData_extension</string> 
   <object class="java.util.ArrayList"/> 
  </void> 
  <void method="put"> 
   <string>fdId</string> 
   <string>15a82caa706effd7da35d1a45f699a07</string> 
  </void> 
  <void method="put"> 
   <string>class</string> 
   <string>com.landray.kmss.sys.mportal.model.SysMportalMenu</string> 
  </void> 
  <void method="put"> 
   <string>sysAttMain_extension</string> 
   <object class="java.util.ArrayList"/> 
  </void> 
 </object> 
</java> 
