<?xml version="1.0" encoding="UTF-8"?> 
<java version="1.6.0_26" class="java.beans.XMLDecoder"> 
 <object class="java.util.HashMap"> 
  <void method="put"> 
   <string>docCreateTime</string> 
   <object class="java.util.Date"> 
    <long>1488243660000</long> 
   </object> 
  </void> 
  <void method="put"> 
   <string>sysAttFile_extension</string> 
   <object class="java.util.ArrayList"/> 
  </void> 
  <void method="put"> 
   <string>docCreator</string> 
   <object class="java.util.HashMap"> 
    <void method="put"> 
     <string>fdOrgType</string> 
     <int>8</int> 
    </void> 
    <void method="put"> 
     <string>fdId</string> 
     <string>1183b0b84ee4f581bba001c47a78b2d9</string> 
    </void> 
    <void method="put"> 
     <string>class</string> 
     <string>com.landray.kmss.sys.organization.model.SysOrgElement</string> 
    </void> 
    <void method="put"> 
     <string>fdName</string> 
     <string>管理员</string> 
    </void> 
    <void method="put"> 
     <string>hbmParent.fdName</string> 
     <string></string> 
    </void> 
   </object> 
  </void> 
  <void method="put"> 
   <string>sysAttRtfData_extension</string> 
   <object class="java.util.ArrayList"/> 
  </void> 
  <void method="put"> 
   <string>fdTitle</string> 
   <string></string> 
  </void> 
  <void method="put"> 
   <string>authAllEditors</string> 
   <object class="java.util.ArrayList"> 
    <void method="add"> 
     <object class="java.util.HashMap"> 
      <void method="put"> 
       <string>fdOrgType</string> 
       <int>8</int> 
      </void> 
      <void method="put"> 
       <string>fdId</string> 
       <string>1183b0b84ee4f581bba001c47a78b2d9</string> 
      </void> 
      <void method="put"> 
       <string>class</string> 
       <string>com.landray.kmss.sys.organization.model.SysOrgElement</string> 
      </void> 
      <void method="put"> 
       <string>fdName</string> 
       <string>管理员</string> 
      </void> 
      <void method="put"> 
       <string>hbmParent.fdName</string> 
       <string></string> 
      </void> 
     </object> 
    </void> 
   </object> 
  </void> 
  <void method="put"> 
   <string>class</string> 
   <string>com.landray.kmss.sys.mportal.model.SysMportalPage</string> 
  </void> 
  <void method="put"> 
   <string>fdOrder</string> 
   <int>10</int> 
  </void> 
  <void method="put"> 
   <string>fdType</string> 
   <string>1</string> 
  </void> 
  <void method="put"> 
   <string>fdName</string> 
   <string>信息</string> 
  </void> 
  <void method="put"> 
   <string>fdMd5</string> 
   <string>ad512a9097f8be94a09b71749d182874</string> 
  </void> 
  <void method="put"> 
   <string>fdId</string> 
   <string>15a823cc13f30216cc3d0a746c4858ec</string> 
  </void> 
  <void method="put"> 
   <string>fdEnabled</string> 
   <boolean>true</boolean> 
  </void> 
  <void method="put"> 
   <string>authAllReaders</string> 
   <object class="java.util.ArrayList"> 
    <void method="add"> 
     <object class="java.util.HashMap"> 
      <void method="put"> 
       <string>fdOrgType</string> 
       <int>8</int> 
      </void> 
      <void method="put"> 
       <string>fdLoginName</string> 
       <string>everyone</string> 
      </void> 
      <void method="put"> 
       <string>fdId</string> 
       <string>1183b0b84ee4f581bba001c47a78b39d</string> 
      </void> 
      <void method="put"> 
       <string>class</string> 
       <string>com.landray.kmss.sys.organization.model.SysOrgPerson</string> 
      </void> 
      <void method="put"> 
       <string>hbmParent.fdName</string> 
       <string></string> 
      </void> 
     </object> 
    </void> 
   </object> 
  </void> 
  <void method="put"> 
   <string>sysAttMain_extension</string> 
   <object class="java.util.ArrayList"/> 
  </void> 
  <void method="put"> 
   <string>cards</string> 
   <object class="java.util.ArrayList"> 
    <void method="add"> 
     <object class="java.util.HashMap"> 
      <void method="put"> 
       <string>sysMportalPage</string> 
       <object class="java.util.HashMap"> 
        <void method="put"> 
         <string>fdId</string> 
         <string>15a823cc13f30216cc3d0a746c4858ec</string> 
        </void> 
        <void method="put"> 
         <string>class</string> 
         <string>com.landray.kmss.sys.mportal.model.SysMportalPage</string> 
        </void> 
       </object> 
      </void> 
      <void method="put"> 
       <string>fdId</string> 
       <string>15a835b9052ff57abb7f5f047fb9a830</string> 
      </void> 
      <void method="put"> 
       <string>class</string> 
       <string>com.landray.kmss.sys.mportal.model.SysMportalPageCard</string> 
      </void> 
      <void method="put"> 
       <string>fdOrder</string> 
       <int>1</int> 
      </void> 
      <void method="put"> 
       <string>sysMportalCard</string> 
       <object class="java.util.HashMap"> 
        <void method="put"> 
         <string>fdId</string> 
         <string>15a833c09cbf953a48a550b44449aacf</string> 
        </void> 
        <void method="put"> 
         <string>class</string> 
         <string>com.landray.kmss.sys.mportal.model.SysMportalCard</string> 
        </void> 
       </object> 
      </void> 
      <void method="put"> 
       <string>fdName</string> 
       <string>封面图</string> 
      </void> 
     </object> 
    </void> 
    <void method="add"> 
     <object class="java.util.HashMap"> 
      <void method="put"> 
       <string>sysMportalPage</string> 
       <object class="java.util.HashMap"> 
        <void method="put"> 
         <string>fdId</string> 
         <string>15a823cc13f30216cc3d0a746c4858ec</string> 
        </void> 
        <void method="put"> 
         <string>class</string> 
         <string>com.landray.kmss.sys.mportal.model.SysMportalPage</string> 
        </void> 
       </object> 
      </void> 
      <void method="put"> 
       <string>fdId</string> 
       <string>15a835b90559fdbee8b896f46c288d37</string> 
      </void> 
      <void method="put"> 
       <string>class</string> 
       <string>com.landray.kmss.sys.mportal.model.SysMportalPageCard</string> 
      </void> 
      <void method="put"> 
       <string>fdOrder</string> 
       <int>2</int> 
      </void> 
      <void method="put"> 
       <string>sysMportalCard</string> 
       <object class="java.util.HashMap"> 
        <void method="put"> 
         <string>fdId</string> 
         <string>15a7ef909942de1deb21a954a1fa6de0</string> 
        </void> 
        <void method="put"> 
         <string>class</string> 
         <string>com.landray.kmss.sys.mportal.model.SysMportalCard</string> 
        </void> 
       </object> 
      </void> 
      <void method="put"> 
       <string>fdName</string> 
       <string>待办事宜</string> 
      </void> 
     </object> 
    </void> 
    <void method="add"> 
     <object class="java.util.HashMap"> 
      <void method="put"> 
       <string>sysMportalPage</string> 
       <object class="java.util.HashMap"> 
        <void method="put"> 
         <string>fdId</string> 
         <string>15a823cc13f30216cc3d0a746c4858ec</string> 
        </void> 
        <void method="put"> 
         <string>class</string> 
         <string>com.landray.kmss.sys.mportal.model.SysMportalPage</string> 
        </void> 
       </object> 
      </void> 
      <void method="put"> 
       <string>fdId</string> 
       <string>15a83cedee9ab8cbf49a2c64fd3ac268</string> 
      </void> 
      <void method="put"> 
       <string>class</string> 
       <string>com.landray.kmss.sys.mportal.model.SysMportalPageCard</string> 
      </void> 
      <void method="put"> 
       <string>fdOrder</string> 
       <int>3</int> 
      </void> 
      <void method="put"> 
       <string>sysMportalCard</string> 
       <object class="java.util.HashMap"> 
        <void method="put"> 
         <string>fdId</string> 
         <string>15a83c6d3c6206c5154131c4ae2a2588</string> 
        </void> 
        <void method="put"> 
         <string>class</string> 
         <string>com.landray.kmss.sys.mportal.model.SysMportalCard</string> 
        </void> 
       </object> 
      </void> 
      <void method="put"> 
       <string>fdName</string> 
       <string>公司新闻</string> 
      </void> 
     </object> 
    </void> 
    <void method="add"> 
     <object class="java.util.HashMap"> 
      <void method="put"> 
       <string>sysMportalPage</string> 
       <object class="java.util.HashMap"> 
        <void method="put"> 
         <string>fdId</string> 
         <string>15a823cc13f30216cc3d0a746c4858ec</string> 
        </void> 
        <void method="put"> 
         <string>class</string> 
         <string>com.landray.kmss.sys.mportal.model.SysMportalPage</string> 
        </void> 
       </object> 
      </void> 
      <void method="put"> 
       <string>fdId</string> 
       <string>15a83cedeec2911374671064a9ab860c</string> 
      </void> 
      <void method="put"> 
       <string>class</string> 
       <string>com.landray.kmss.sys.mportal.model.SysMportalPageCard</string> 
      </void> 
      <void method="put"> 
       <string>fdOrder</string> 
       <int>4</int> 
      </void> 
      <void method="put"> 
       <string>sysMportalCard</string> 
       <object class="java.util.HashMap"> 
        <void method="put"> 
         <string>fdId</string> 
         <string>15a7efbd9fe25b1d0f147ca4ba7bee6c</string> 
        </void> 
        <void method="put"> 
         <string>class</string> 
         <string>com.landray.kmss.sys.mportal.model.SysMportalCard</string> 
        </void> 
       </object> 
      </void> 
      <void method="put"> 
       <string>fdName</string> 
       <string>通知公告</string> 
      </void> 
     </object> 
    </void> 
    <void method="add"> 
     <object class="java.util.HashMap"> 
      <void method="put"> 
       <string>sysMportalPage</string> 
       <object class="java.util.HashMap"> 
        <void method="put"> 
         <string>fdId</string> 
         <string>15a823cc13f30216cc3d0a746c4858ec</string> 
        </void> 
        <void method="put"> 
         <string>class</string> 
         <string>com.landray.kmss.sys.mportal.model.SysMportalPage</string> 
        </void> 
       </object> 
      </void> 
      <void method="put"> 
       <string>fdId</string> 
       <string>15a83cedeef89cdfd9c037a4daeaaf47</string> 
      </void> 
      <void method="put"> 
       <string>class</string> 
       <string>com.landray.kmss.sys.mportal.model.SysMportalPageCard</string> 
      </void> 
      <void method="put"> 
       <string>fdOrder</string> 
       <int>5</int> 
      </void> 
      <void method="put"> 
       <string>sysMportalCard</string> 
       <object class="java.util.HashMap"> 
        <void method="put"> 
         <string>fdId</string> 
         <string>15a7efe8cfbcfdcc27895874336894f0</string> 
        </void> 
        <void method="put"> 
         <string>class</string> 
         <string>com.landray.kmss.sys.mportal.model.SysMportalCard</string> 
        </void> 
       </object> 
      </void> 
      <void method="put"> 
       <string>fdName</string> 
       <string>论坛话题</string> 
      </void> 
     </object> 
    </void> 
   </object> 
  </void> 
  <void method="put"> 
   <string>fdLogo</string> 
   <string></string> 
  </void> 
 </object> 
</java> 
