<?xml version="1.0" encoding="UTF-8"?> 
<java version="1.6.0_26" class="java.beans.XMLDecoder"> 
 <object class="java.util.HashMap"> 
  <void method="put"> 
   <string>docCreateTime</string> 
   <object class="java.util.Date"> 
    <long>1488243720000</long> 
   </object> 
  </void> 
  <void method="put"> 
   <string>sysAttFile_extension</string> 
   <object class="java.util.ArrayList"/> 
  </void> 
  <void method="put"> 
   <string>docCreator</string> 
   <object class="java.util.HashMap"> 
    <void method="put"> 
     <string>fdOrgType</string> 
     <int>8</int> 
    </void> 
    <void method="put"> 
     <string>fdId</string> 
     <string>1183b0b84ee4f581bba001c47a78b2d9</string> 
    </void> 
    <void method="put"> 
     <string>class</string> 
     <string>com.landray.kmss.sys.organization.model.SysOrgElement</string> 
    </void> 
    <void method="put"> 
     <string>fdName</string> 
     <string>管理员</string> 
    </void> 
    <void method="put"> 
     <string>hbmParent.fdName</string> 
     <string></string> 
    </void> 
   </object> 
  </void> 
  <void method="put"> 
   <string>sysAttRtfData_extension</string> 
   <object class="java.util.ArrayList"/> 
  </void> 
  <void method="put"> 
   <string>fdTitle</string> 
   <string></string> 
  </void> 
  <void method="put"> 
   <string>authAllEditors</string> 
   <object class="java.util.ArrayList"> 
    <void method="add"> 
     <object class="java.util.HashMap"> 
      <void method="put"> 
       <string>fdOrgType</string> 
       <int>8</int> 
      </void> 
      <void method="put"> 
       <string>fdId</string> 
       <string>1183b0b84ee4f581bba001c47a78b2d9</string> 
      </void> 
      <void method="put"> 
       <string>class</string> 
       <string>com.landray.kmss.sys.organization.model.SysOrgElement</string> 
      </void> 
      <void method="put"> 
       <string>fdName</string> 
       <string>管理员</string> 
      </void> 
      <void method="put"> 
       <string>hbmParent.fdName</string> 
       <string></string> 
      </void> 
     </object> 
    </void> 
   </object> 
  </void> 
  <void method="put"> 
   <string>class</string> 
   <string>com.landray.kmss.sys.mportal.model.SysMportalPage</string> 
  </void> 
  <void method="put"> 
   <string>fdOrder</string> 
   <int>12</int> 
  </void> 
  <void method="put"> 
   <string>fdType</string> 
   <string>1</string> 
  </void> 
  <void method="put"> 
   <string>fdName</string> 
   <string>协作</string> 
  </void> 
  <void method="put"> 
   <string>fdMd5</string> 
   <string>d376c3d492220978219b204da6ccf973</string> 
  </void> 
  <void method="put"> 
   <string>fdId</string> 
   <string>15a823d0ed47df31aeef490438f98a92</string> 
  </void> 
  <void method="put"> 
   <string>fdEnabled</string> 
   <boolean>true</boolean> 
  </void> 
  <void method="put"> 
   <string>authAllReaders</string> 
   <object class="java.util.ArrayList"> 
    <void method="add"> 
     <object class="java.util.HashMap"> 
      <void method="put"> 
       <string>fdOrgType</string> 
       <int>8</int> 
      </void> 
      <void method="put"> 
       <string>fdLoginName</string> 
       <string>everyone</string> 
      </void> 
      <void method="put"> 
       <string>fdId</string> 
       <string>1183b0b84ee4f581bba001c47a78b39d</string> 
      </void> 
      <void method="put"> 
       <string>class</string> 
       <string>com.landray.kmss.sys.organization.model.SysOrgPerson</string> 
      </void> 
      <void method="put"> 
       <string>hbmParent.fdName</string> 
       <string></string> 
      </void> 
     </object> 
    </void> 
   </object> 
  </void> 
  <void method="put"> 
   <string>sysAttMain_extension</string> 
   <object class="java.util.ArrayList"/> 
  </void> 
  <void method="put"> 
   <string>cards</string> 
   <object class="java.util.ArrayList"> 
    <void method="add"> 
     <object class="java.util.HashMap"> 
      <void method="put"> 
       <string>sysMportalPage</string> 
       <object class="java.util.HashMap"> 
        <void method="put"> 
         <string>fdId</string> 
         <string>15a823d0ed47df31aeef490438f98a92</string> 
        </void> 
        <void method="put"> 
         <string>class</string> 
         <string>com.landray.kmss.sys.mportal.model.SysMportalPage</string> 
        </void> 
       </object> 
      </void> 
      <void method="put"> 
       <string>fdId</string> 
       <string>15a83f315835d77bd3619404e6a9a105</string> 
      </void> 
      <void method="put"> 
       <string>class</string> 
       <string>com.landray.kmss.sys.mportal.model.SysMportalPageCard</string> 
      </void> 
      <void method="put"> 
       <string>fdOrder</string> 
       <int>1</int> 
      </void> 
      <void method="put"> 
       <string>sysMportalCard</string> 
       <object class="java.util.HashMap"> 
        <void method="put"> 
         <string>fdId</string> 
         <string>15a83f1c3e058b32ea8c4414901889cb</string> 
        </void> 
        <void method="put"> 
         <string>class</string> 
         <string>com.landray.kmss.sys.mportal.model.SysMportalCard</string> 
        </void> 
       </object> 
      </void> 
      <void method="put"> 
       <string>fdName</string> 
       <string>月视图 - 时间管理</string> 
      </void> 
     </object> 
    </void> 
    <void method="add"> 
     <object class="java.util.HashMap"> 
      <void method="put"> 
       <string>sysMportalPage</string> 
       <object class="java.util.HashMap"> 
        <void method="put"> 
         <string>fdId</string> 
         <string>15a823d0ed47df31aeef490438f98a92</string> 
        </void> 
        <void method="put"> 
         <string>class</string> 
         <string>com.landray.kmss.sys.mportal.model.SysMportalPage</string> 
        </void> 
       </object> 
      </void> 
      <void method="put"> 
       <string>fdId</string> 
       <string>15a83f31585bd230bbe8baa47aaac3e2</string> 
      </void> 
      <void method="put"> 
       <string>class</string> 
       <string>com.landray.kmss.sys.mportal.model.SysMportalPageCard</string> 
      </void> 
      <void method="put"> 
       <string>fdOrder</string> 
       <int>2</int> 
      </void> 
      <void method="put"> 
       <string>sysMportalCard</string> 
       <object class="java.util.HashMap"> 
        <void method="put"> 
         <string>fdId</string> 
         <string>15a7ef909942de1deb21a954a1fa6de0</string> 
        </void> 
        <void method="put"> 
         <string>class</string> 
         <string>com.landray.kmss.sys.mportal.model.SysMportalCard</string> 
        </void> 
       </object> 
      </void> 
      <void method="put"> 
       <string>fdName</string> 
       <string>待办事宜</string> 
      </void> 
     </object> 
    </void> 
    <void method="add"> 
     <object class="java.util.HashMap"> 
      <void method="put"> 
       <string>sysMportalPage</string> 
       <object class="java.util.HashMap"> 
        <void method="put"> 
         <string>fdId</string> 
         <string>15a823d0ed47df31aeef490438f98a92</string> 
        </void> 
        <void method="put"> 
         <string>class</string> 
         <string>com.landray.kmss.sys.mportal.model.SysMportalPage</string> 
        </void> 
       </object> 
      </void> 
      <void method="put"> 
       <string>fdId</string> 
       <string>15a83f31587051bc1a71fe943059a7f3</string> 
      </void> 
      <void method="put"> 
       <string>class</string> 
       <string>com.landray.kmss.sys.mportal.model.SysMportalPageCard</string> 
      </void> 
      <void method="put"> 
       <string>fdOrder</string> 
       <int>3</int> 
      </void> 
      <void method="put"> 
       <string>sysMportalCard</string> 
       <object class="java.util.HashMap"> 
        <void method="put"> 
         <string>fdId</string> 
         <string>15a82d5186ca5cbacc5d06c409283cb8</string> 
        </void> 
        <void method="put"> 
         <string>class</string> 
         <string>com.landray.kmss.sys.mportal.model.SysMportalCard</string> 
        </void> 
       </object> 
      </void> 
      <void method="put"> 
       <string>fdName</string> 
       <string>工作台 - 快捷方式</string> 
      </void> 
     </object> 
    </void> 
   </object> 
  </void> 
  <void method="put"> 
   <string>fdLogo</string> 
   <string></string> 
  </void> 
 </object> 
</java> 
