<?xml version="1.0" encoding="UTF-8"?> 
<java version="1.6.0_26" class="java.beans.XMLDecoder"> 
 <object class="java.util.HashMap"> 
  <void method="put"> 
   <string>docCreateTime</string> 
   <object class="java.util.Date"> 
    <long>1488243660000</long> 
   </object> 
  </void> 
  <void method="put"> 
   <string>sysAttFile_extension</string> 
   <object class="java.util.ArrayList"/> 
  </void> 
  <void method="put"> 
   <string>docCreator</string> 
   <object class="java.util.HashMap"> 
    <void method="put"> 
     <string>fdOrgType</string> 
     <int>8</int> 
    </void> 
    <void method="put"> 
     <string>fdId</string> 
     <string>1183b0b84ee4f581bba001c47a78b2d9</string> 
    </void> 
    <void method="put"> 
     <string>class</string> 
     <string>com.landray.kmss.sys.organization.model.SysOrgElement</string> 
    </void> 
    <void method="put"> 
     <string>fdName</string> 
     <string>管理员</string> 
    </void> 
    <void method="put"> 
     <string>hbmParent.fdName</string> 
     <string></string> 
    </void> 
   </object> 
  </void> 
  <void method="put"> 
   <string>sysAttRtfData_extension</string> 
   <object class="java.util.ArrayList"/> 
  </void> 
  <void method="put"> 
   <string>fdTitle</string> 
   <string></string> 
  </void> 
  <void method="put"> 
   <string>authAllEditors</string> 
   <object class="java.util.ArrayList"> 
    <void method="add"> 
     <object class="java.util.HashMap"> 
      <void method="put"> 
       <string>fdOrgType</string> 
       <int>8</int> 
      </void> 
      <void method="put"> 
       <string>fdId</string> 
       <string>1183b0b84ee4f581bba001c47a78b2d9</string> 
      </void> 
      <void method="put"> 
       <string>class</string> 
       <string>com.landray.kmss.sys.organization.model.SysOrgElement</string> 
      </void> 
      <void method="put"> 
       <string>fdName</string> 
       <string>管理员</string> 
      </void> 
      <void method="put"> 
       <string>hbmParent.fdName</string> 
       <string></string> 
      </void> 
     </object> 
    </void> 
   </object> 
  </void> 
  <void method="put"> 
   <string>class</string> 
   <string>com.landray.kmss.sys.mportal.model.SysMportalPage</string> 
  </void> 
  <void method="put"> 
   <string>fdOrder</string> 
   <int>11</int> 
  </void> 
  <void method="put"> 
   <string>fdType</string> 
   <string>1</string> 
  </void> 
  <void method="put"> 
   <string>fdName</string> 
   <string>知识</string> 
  </void> 
  <void method="put"> 
   <string>fdMd5</string> 
   <string>424344092fd065539bc9aebc323fee1c</string> 
  </void> 
  <void method="put"> 
   <string>fdId</string> 
   <string>15a823cf5326035f26e1c804facb442e</string> 
  </void> 
  <void method="put"> 
   <string>fdEnabled</string> 
   <boolean>true</boolean> 
  </void> 
  <void method="put"> 
   <string>authAllReaders</string> 
   <object class="java.util.ArrayList"> 
    <void method="add"> 
     <object class="java.util.HashMap"> 
      <void method="put"> 
       <string>fdOrgType</string> 
       <int>8</int> 
      </void> 
      <void method="put"> 
       <string>fdLoginName</string> 
       <string>everyone</string> 
      </void> 
      <void method="put"> 
       <string>fdId</string> 
       <string>1183b0b84ee4f581bba001c47a78b39d</string> 
      </void> 
      <void method="put"> 
       <string>class</string> 
       <string>com.landray.kmss.sys.organization.model.SysOrgPerson</string> 
      </void> 
      <void method="put"> 
       <string>hbmParent.fdName</string> 
       <string></string> 
      </void> 
     </object> 
    </void> 
   </object> 
  </void> 
  <void method="put"> 
   <string>sysAttMain_extension</string> 
   <object class="java.util.ArrayList"/> 
  </void> 
  <void method="put"> 
   <string>cards</string> 
   <object class="java.util.ArrayList"> 
    <void method="add"> 
     <object class="java.util.HashMap"> 
      <void method="put"> 
       <string>sysMportalPage</string> 
       <object class="java.util.HashMap"> 
        <void method="put"> 
         <string>fdId</string> 
         <string>15a823cf5326035f26e1c804facb442e</string> 
        </void> 
        <void method="put"> 
         <string>class</string> 
         <string>com.landray.kmss.sys.mportal.model.SysMportalPage</string> 
        </void> 
       </object> 
      </void> 
      <void method="put"> 
       <string>fdId</string> 
       <string>15a83ea4058a72c2547c3464c218da1f</string> 
      </void> 
      <void method="put"> 
       <string>class</string> 
       <string>com.landray.kmss.sys.mportal.model.SysMportalPageCard</string> 
      </void> 
      <void method="put"> 
       <string>fdOrder</string> 
       <int>1</int> 
      </void> 
      <void method="put"> 
       <string>sysMportalCard</string> 
       <object class="java.util.HashMap"> 
        <void method="put"> 
         <string>fdId</string> 
         <string>15a83dd2c82dc257867093d4754b8989</string> 
        </void> 
        <void method="put"> 
         <string>class</string> 
         <string>com.landray.kmss.sys.mportal.model.SysMportalCard</string> 
        </void> 
       </object> 
      </void> 
      <void method="put"> 
       <string>fdName</string> 
       <string>知识 - 封面图</string> 
      </void> 
     </object> 
    </void> 
    <void method="add"> 
     <object class="java.util.HashMap"> 
      <void method="put"> 
       <string>sysMportalPage</string> 
       <object class="java.util.HashMap"> 
        <void method="put"> 
         <string>fdId</string> 
         <string>15a823cf5326035f26e1c804facb442e</string> 
        </void> 
        <void method="put"> 
         <string>class</string> 
         <string>com.landray.kmss.sys.mportal.model.SysMportalPage</string> 
        </void> 
       </object> 
      </void> 
      <void method="put"> 
       <string>fdId</string> 
       <string>15a83ef3243ccf14b72c779466098cb9</string> 
      </void> 
      <void method="put"> 
       <string>class</string> 
       <string>com.landray.kmss.sys.mportal.model.SysMportalPageCard</string> 
      </void> 
      <void method="put"> 
       <string>fdOrder</string> 
       <int>2</int> 
      </void> 
      <void method="put"> 
       <string>sysMportalCard</string> 
       <object class="java.util.HashMap"> 
        <void method="put"> 
         <string>fdId</string> 
         <string>15a83e80eaa7ea33be411694d189de25</string> 
        </void> 
        <void method="put"> 
         <string>class</string> 
         <string>com.landray.kmss.sys.mportal.model.SysMportalCard</string> 
        </void> 
       </object> 
      </void> 
      <void method="put"> 
       <string>fdName</string> 
       <string>知识 - 快捷方式</string> 
      </void> 
     </object> 
    </void> 
    <void method="add"> 
     <object class="java.util.HashMap"> 
      <void method="put"> 
       <string>sysMportalPage</string> 
       <object class="java.util.HashMap"> 
        <void method="put"> 
         <string>fdId</string> 
         <string>15a823cf5326035f26e1c804facb442e</string> 
        </void> 
        <void method="put"> 
         <string>class</string> 
         <string>com.landray.kmss.sys.mportal.model.SysMportalPage</string> 
        </void> 
       </object> 
      </void> 
      <void method="put"> 
       <string>fdId</string> 
       <string>15a83f0232e50b1404918f4482e921d7</string> 
      </void> 
      <void method="put"> 
       <string>class</string> 
       <string>com.landray.kmss.sys.mportal.model.SysMportalPageCard</string> 
      </void> 
      <void method="put"> 
       <string>fdOrder</string> 
       <int>3</int> 
      </void> 
      <void method="put"> 
       <string>sysMportalCard</string> 
       <object class="java.util.HashMap"> 
        <void method="put"> 
         <string>fdId</string> 
         <string>15a7eff163780435955951a41e6bd1a8</string> 
        </void> 
        <void method="put"> 
         <string>class</string> 
         <string>com.landray.kmss.sys.mportal.model.SysMportalCard</string> 
        </void> 
       </object> 
      </void> 
      <void method="put"> 
       <string>fdName</string> 
       <string>知识精选</string> 
      </void> 
     </object> 
    </void> 
    <void method="add"> 
     <object class="java.util.HashMap"> 
      <void method="put"> 
       <string>sysMportalPage</string> 
       <object class="java.util.HashMap"> 
        <void method="put"> 
         <string>fdId</string> 
         <string>15a823cf5326035f26e1c804facb442e</string> 
        </void> 
        <void method="put"> 
         <string>class</string> 
         <string>com.landray.kmss.sys.mportal.model.SysMportalPage</string> 
        </void> 
       </object> 
      </void> 
      <void method="put"> 
       <string>fdId</string> 
       <string>15a83ea406050ebb9c481bb46d8b33c9</string> 
      </void> 
      <void method="put"> 
       <string>class</string> 
       <string>com.landray.kmss.sys.mportal.model.SysMportalPageCard</string> 
      </void> 
      <void method="put"> 
       <string>fdOrder</string> 
       <int>4</int> 
      </void> 
      <void method="put"> 
       <string>sysMportalCard</string> 
       <object class="java.util.HashMap"> 
        <void method="put"> 
         <string>fdId</string> 
         <string>15a7efd40490f6474dbb6444adaabb77</string> 
        </void> 
        <void method="put"> 
         <string>class</string> 
         <string>com.landray.kmss.sys.mportal.model.SysMportalCard</string> 
        </void> 
       </object> 
      </void> 
      <void method="put"> 
       <string>fdName</string> 
       <string>规范制度</string> 
      </void> 
     </object> 
    </void> 
   </object> 
  </void> 
  <void method="put"> 
   <string>fdLogo</string> 
   <string></string> 
  </void> 
 </object> 
</java> 
