<?xml version="1.0" encoding="UTF-8"?> 
<java version="1.6.0_26" class="java.beans.XMLDecoder"> 
 <object class="java.util.HashMap"> 
  <void method="put"> 
   <string>docCreateTime</string> 
   <object class="java.util.Date"> 
    <long>1488271140000</long> 
   </object> 
  </void> 
  <void method="put"> 
   <string>docSubject</string> 
   <string>知识 - 链接4*2</string> 
  </void> 
  <void method="put"> 
   <string>fdSysMportalMenuItems</string> 
   <object class="java.util.ArrayList"> 
    <void method="add"> 
     <object class="java.util.HashMap"> 
      <void method="put"> 
       <string>fdIcon</string> 
       <string>mui-bookOpenLogo</string> 
      </void> 
      <void method="put"> 
       <string>fdId</string> 
       <string>15a83e76320dfa12a92ccd04582b7f94</string> 
      </void> 
      <void method="put"> 
       <string>class</string> 
       <string>com.landray.kmss.sys.mportal.model.SysMportalMenuItem</string> 
      </void> 
      <void method="put"> 
       <string>fdOrder</string> 
       <int>1</int> 
      </void> 
      <void method="put"> 
       <string>fdName</string> 
       <string>享·知识</string> 
      </void> 
      <void method="put"> 
       <string>fdSysMportalMenu</string> 
       <object class="java.util.HashMap"> 
        <void method="put"> 
         <string>fdId</string> 
         <string>15a83dfca147b1481ee67214ddaa914c</string> 
        </void> 
        <void method="put"> 
         <string>class</string> 
         <string>com.landray.kmss.sys.mportal.model.SysMportalMenu</string> 
        </void> 
       </object> 
      </void> 
      <void method="put"> 
       <string>fdUrl</string> 
       <string>/</string> 
      </void> 
     </object> 
    </void> 
    <void method="add"> 
     <object class="java.util.HashMap"> 
      <void method="put"> 
       <string>fdIcon</string> 
       <string>mui-addInfo</string> 
      </void> 
      <void method="put"> 
       <string>fdId</string> 
       <string>15a83e7632842db7190b64e4f4ca674b</string> 
      </void> 
      <void method="put"> 
       <string>class</string> 
       <string>com.landray.kmss.sys.mportal.model.SysMportalMenuItem</string> 
      </void> 
      <void method="put"> 
       <string>fdOrder</string> 
       <int>2</int> 
      </void> 
      <void method="put"> 
       <string>fdName</string> 
       <string>看·地图</string> 
      </void> 
      <void method="put"> 
       <string>fdSysMportalMenu</string> 
       <object class="java.util.HashMap"> 
        <void method="put"> 
         <string>fdId</string> 
         <string>15a83dfca147b1481ee67214ddaa914c</string> 
        </void> 
        <void method="put"> 
         <string>class</string> 
         <string>com.landray.kmss.sys.mportal.model.SysMportalMenu</string> 
        </void> 
       </object> 
      </void> 
      <void method="put"> 
       <string>fdUrl</string> 
       <string>/</string> 
      </void> 
     </object> 
    </void> 
    <void method="add"> 
     <object class="java.util.HashMap"> 
      <void method="put"> 
       <string>fdIcon</string> 
       <string>mui-file-video</string> 
      </void> 
      <void method="put"> 
       <string>fdId</string> 
       <string>15a83e7632ae8b9fbaddeb7456497de1</string> 
      </void> 
      <void method="put"> 
       <string>class</string> 
       <string>com.landray.kmss.sys.mportal.model.SysMportalMenuItem</string> 
      </void> 
      <void method="put"> 
       <string>fdOrder</string> 
       <int>3</int> 
      </void> 
      <void method="put"> 
       <string>fdName</string> 
       <string>查·WIKI</string> 
      </void> 
      <void method="put"> 
       <string>fdSysMportalMenu</string> 
       <object class="java.util.HashMap"> 
        <void method="put"> 
         <string>fdId</string> 
         <string>15a83dfca147b1481ee67214ddaa914c</string> 
        </void> 
        <void method="put"> 
         <string>class</string> 
         <string>com.landray.kmss.sys.mportal.model.SysMportalMenu</string> 
        </void> 
       </object> 
      </void> 
      <void method="put"> 
       <string>fdUrl</string> 
       <string>/</string> 
      </void> 
     </object> 
    </void> 
    <void method="add"> 
     <object class="java.util.HashMap"> 
      <void method="put"> 
       <string>fdIcon</string> 
       <string>mui-comQA</string> 
      </void> 
      <void method="put"> 
       <string>fdId</string> 
       <string>15a83e7632c1d4d7cb2ac454246935ef</string> 
      </void> 
      <void method="put"> 
       <string>class</string> 
       <string>com.landray.kmss.sys.mportal.model.SysMportalMenuItem</string> 
      </void> 
      <void method="put"> 
       <string>fdOrder</string> 
       <int>4</int> 
      </void> 
      <void method="put"> 
       <string>fdName</string> 
       <string>解·问答</string> 
      </void> 
      <void method="put"> 
       <string>fdSysMportalMenu</string> 
       <object class="java.util.HashMap"> 
        <void method="put"> 
         <string>fdId</string> 
         <string>15a83dfca147b1481ee67214ddaa914c</string> 
        </void> 
        <void method="put"> 
         <string>class</string> 
         <string>com.landray.kmss.sys.mportal.model.SysMportalMenu</string> 
        </void> 
       </object> 
      </void> 
      <void method="put"> 
       <string>fdUrl</string> 
       <string>/</string> 
      </void> 
     </object> 
    </void> 
    <void method="add"> 
     <object class="java.util.HashMap"> 
      <void method="put"> 
       <string>fdIcon</string> 
       <string>mui-crown</string> 
      </void> 
      <void method="put"> 
       <string>fdId</string> 
       <string>15a83e7632e608ee51672c34fe59bc2b</string> 
      </void> 
      <void method="put"> 
       <string>class</string> 
       <string>com.landray.kmss.sys.mportal.model.SysMportalMenuItem</string> 
      </void> 
      <void method="put"> 
       <string>fdOrder</string> 
       <int>5</int> 
      </void> 
      <void method="put"> 
       <string>fdName</string> 
       <string>寻·专家</string> 
      </void> 
      <void method="put"> 
       <string>fdSysMportalMenu</string> 
       <object class="java.util.HashMap"> 
        <void method="put"> 
         <string>fdId</string> 
         <string>15a83dfca147b1481ee67214ddaa914c</string> 
        </void> 
        <void method="put"> 
         <string>class</string> 
         <string>com.landray.kmss.sys.mportal.model.SysMportalMenu</string> 
        </void> 
       </object> 
      </void> 
      <void method="put"> 
       <string>fdUrl</string> 
       <string>/</string> 
      </void> 
     </object> 
    </void> 
    <void method="add"> 
     <object class="java.util.HashMap"> 
      <void method="put"> 
       <string>fdIcon</string> 
       <string>mui-shortcut-4</string> 
      </void> 
      <void method="put"> 
       <string>fdId</string> 
       <string>15a83e76330302f9a56e5524a37b719e</string> 
      </void> 
      <void method="put"> 
       <string>class</string> 
       <string>com.landray.kmss.sys.mportal.model.SysMportalMenuItem</string> 
      </void> 
      <void method="put"> 
       <string>fdOrder</string> 
       <int>6</int> 
      </void> 
      <void method="put"> 
       <string>fdName</string> 
       <string>论·圈子</string> 
      </void> 
      <void method="put"> 
       <string>fdSysMportalMenu</string> 
       <object class="java.util.HashMap"> 
        <void method="put"> 
         <string>fdId</string> 
         <string>15a83dfca147b1481ee67214ddaa914c</string> 
        </void> 
        <void method="put"> 
         <string>class</string> 
         <string>com.landray.kmss.sys.mportal.model.SysMportalMenu</string> 
        </void> 
       </object> 
      </void> 
      <void method="put"> 
       <string>fdUrl</string> 
       <string>/</string> 
      </void> 
     </object> 
    </void> 
    <void method="add"> 
     <object class="java.util.HashMap"> 
      <void method="put"> 
       <string>fdIcon</string> 
       <string>mui-addGroup</string> 
      </void> 
      <void method="put"> 
       <string>fdId</string> 
       <string>15a83e763336126c855e2254eb1beec0</string> 
      </void> 
      <void method="put"> 
       <string>class</string> 
       <string>com.landray.kmss.sys.mportal.model.SysMportalMenuItem</string> 
      </void> 
      <void method="put"> 
       <string>fdOrder</string> 
       <int>7</int> 
      </void> 
      <void method="put"> 
       <string>fdName</string> 
       <string>爱·学习</string> 
      </void> 
      <void method="put"> 
       <string>fdSysMportalMenu</string> 
       <object class="java.util.HashMap"> 
        <void method="put"> 
         <string>fdId</string> 
         <string>15a83dfca147b1481ee67214ddaa914c</string> 
        </void> 
        <void method="put"> 
         <string>class</string> 
         <string>com.landray.kmss.sys.mportal.model.SysMportalMenu</string> 
        </void> 
       </object> 
      </void> 
      <void method="put"> 
       <string>fdUrl</string> 
       <string>/</string> 
      </void> 
     </object> 
    </void> 
    <void method="add"> 
     <object class="java.util.HashMap"> 
      <void method="put"> 
       <string>fdIcon</string> 
       <string>mui-approval</string> 
      </void> 
      <void method="put"> 
       <string>fdId</string> 
       <string>15a83e763357fb28ed070774d7883ac3</string> 
      </void> 
      <void method="put"> 
       <string>class</string> 
       <string>com.landray.kmss.sys.mportal.model.SysMportalMenuItem</string> 
      </void> 
      <void method="put"> 
       <string>fdOrder</string> 
       <int>8</int> 
      </void> 
      <void method="put"> 
       <string>fdName</string> 
       <string>乐·考试</string> 
      </void> 
      <void method="put"> 
       <string>fdSysMportalMenu</string> 
       <object class="java.util.HashMap"> 
        <void method="put"> 
         <string>fdId</string> 
         <string>15a83dfca147b1481ee67214ddaa914c</string> 
        </void> 
        <void method="put"> 
         <string>class</string> 
         <string>com.landray.kmss.sys.mportal.model.SysMportalMenu</string> 
        </void> 
       </object> 
      </void> 
      <void method="put"> 
       <string>fdUrl</string> 
       <string>/</string> 
      </void> 
     </object> 
    </void> 
   </object> 
  </void> 
  <void method="put"> 
   <string>sysAttFile_extension</string> 
   <object class="java.util.ArrayList"/> 
  </void> 
  <void method="put"> 
   <string>sysAttRtfData_extension</string> 
   <object class="java.util.ArrayList"/> 
  </void> 
  <void method="put"> 
   <string>fdId</string> 
   <string>15a83dfca147b1481ee67214ddaa914c</string> 
  </void> 
  <void method="put"> 
   <string>class</string> 
   <string>com.landray.kmss.sys.mportal.model.SysMportalMenu</string> 
  </void> 
  <void method="put"> 
   <string>sysAttMain_extension</string> 
   <object class="java.util.ArrayList"/> 
  </void> 
 </object> 
</java> 
