<?xml version="1.0" encoding="UTF-8"?> 
<java version="1.6.0_26" class="java.beans.XMLDecoder"> 
 <object class="java.util.HashMap"> 
  <void method="put"> 
   <string>docCreateTime</string> 
   <object class="java.util.Date"> 
    <long>1488260400000</long> 
   </object> 
  </void> 
  <void method="put"> 
   <string>sysAttFile_extension</string> 
   <object class="java.util.ArrayList"/> 
  </void> 
  <void method="put"> 
   <string>docCreator</string> 
   <object class="java.util.HashMap"> 
    <void method="put"> 
     <string>fdOrgType</string> 
     <int>8</int> 
    </void> 
    <void method="put"> 
     <string>fdLoginName</string> 
     <string>adm</string> 
    </void> 
    <void method="put"> 
     <string>fdId</string> 
     <string>1183b0b84ee4f581bba001c47a78b2d9</string> 
    </void> 
    <void method="put"> 
     <string>class</string> 
     <string>com.landray.kmss.sys.organization.model.SysOrgPerson</string> 
    </void> 
    <void method="put"> 
     <string>hbmParent.fdName</string> 
     <string></string> 
    </void> 
   </object> 
  </void> 
  <void method="put"> 
   <string>fdIsPushed</string> 
   <boolean>true</boolean> 
  </void> 
  <void method="put"> 
   <string>sysAttRtfData_extension</string> 
   <object class="java.util.ArrayList"/> 
  </void> 
  <void method="put"> 
   <string>fdId</string> 
   <string>15a833c09cbf953a48a550b44449aacf</string> 
  </void> 
  <void method="put"> 
   <string>fdEnabled</string> 
   <boolean>true</boolean> 
  </void> 
  <void method="put"> 
   <string>class</string> 
   <string>com.landray.kmss.sys.mportal.model.SysMportalCard</string> 
  </void> 
  <void method="put"> 
   <string>sysAttMain_extension</string> 
   <object class="java.util.ArrayList"/> 
  </void> 
  <void method="put"> 
   <string>fdName</string> 
   <string>封面图</string> 
  </void> 
  <void method="put"> 
   <string>fdPortletConfig</string> 
   <string>[{&quot;operations&quot;:{&quot;toolbar&quot;:false},&quot;vars&quot;:{&quot;fdIds&quot;:{&quot;fdIds&quot;:&quot;15a8339d5df5bc76de794de4dac98eed,15a833bc3e55bd373276f924ad88cc5e,15a8340fcc3ef4dc42e1db54be6952b7&quot;,&quot;fdIds_name&quot;:&quot;蓝凌EKP大中型组织的统一工作平台,蓝凌KMS大中型组织的专业知识管理平台,蓝凌移动互联整体解决方案&quot;},&quot;refreshtime&quot;:&quot;0&quot;,&quot;height&quot;:&quot;180&quot;,&quot;showSubject&quot;:&quot;true&quot;},&quot;portletName&quot;:&quot;幻灯片&quot;,&quot;portletId&quot;:&quot;sys.mportal.picslide&quot;}]</string> 
  </void> 
 </object> 
</java> 
